{"content":[0,8.1787834167480469,16.357566833496094,32.715133666992188,65.430267333984375,131.25,262.5,525.0,1050.0,2205.0,4410.0,11025.0,22050.0],"phase":0,"type":10}
