{"content":[0,8.1787834167480469,16.357566833496094,32.715133666992188,65.430267333984375,131.25,262.5,525,1050,2205,4410,11025,22050],"phase":0,"type":10}